White,,,,,Name
68.7556,-3.6273,0.8816,10922657,,
67.8336,-3.63619999999999,-0.2778,10921886,,
,,,,,
Red/Orange,,,,,
67.5782,-0.0947,-0.4353,10855844,,
67.2789,1.8244,6.3027,10068652,,
66.915,3.7294,2.0909,10461355,,
66.7244,0.709,11.0678,9413036,,
55.9367,11.7116,20.6492,6520486,**,
55.5671,9.0612,28.8763,5471908,,
55.1237,3.5427,57.3087,1147042,,
55.6058,4.5797,55.9307,1605797,,
49.6096,14.3012,50.5881,1600416,,
49.748276916991,12.0661673933841,44.5614181940178,2583964,,
45.9386,23.3511,42.9995,2317472,,
45.6063,24.6024,28.4103,4086686,,
45.0833,27.5274,20.4094,4872094,,
44.3484,23.1837,44.117,1857691,,
43.1733,9.1467,36.2882,2645892,,
39.8024,32.6945,41.7285,1590681,**,
37.5127,37.472,39.4334,1587864,,
35.0922,39.0064,29.3159,2503569,,
34.4899,31.0759,13.4051,4012931,,
32.4376,23.7311,28.9889999999999,2047096,,
33.0328,37.4373,30.9915,1978506,,
32.7839,41.4538,26.2260999999999,2501261,,
33.0143,5.9571,22.5504,2771297,,
32.8338,10.4443,23.5615,2639463,,
31.836,0.5371,21.1655,2706007,,
28.8335999999999,40.2909,18.5008,2761343,,
27,42.6,31.9,1120126,*,
23.8143,32.7057,7.0164,3154022,,
22.1403,32.4173,13.4843,2301027,,
22.1322,29.4051,6.2067,2957405,,
21.9318,23.1785,18.8221,1713497,,
21.0623,30.6554,21.39,1383263,*,
19.6735,24.9721,-0.7901,3219280,,
,,,,,
21.8793,-0.1755,4.8944,2962487,,
21.7108,6.0506,9.6729,2502722,,
21.5067,-1.3381,3.4018,3093556,,
21.3679,0.7077,5.4174,2831160,,
20.0799,2.8866,6.0905,2633528,,
,,,,,
Pink/Purple,,,,,
67.3974,2.4364,1.0546,10658730,,
66.7817,2.7796,2.8742,10330538,,
66.6821,1.9849,3.67579999999999,10265001,*,
55.986,3.5336,-3.4199,9208970,,
56.1688,0.494199999999999,-6.1065,9537410,,
56.0497999999999,5.6454,-2.2037,9077647,,
55.6815999999999,5.6833,-2.6959,9077389,,
55.5834999999999,1.4993,-4.6462,9274756,,
55.6324999999999,2.7618,-4.0707,9208967,,
55.8182,10.7756,-0.810799999999999,8880024,,
56.1145,16.2839,3.39339999999999,8486052,*,
55.7205,16.1646,5.5558,8223652,,
55.5985,17.5613,11.2453,7568041,,
55.5791999999999,15.1366,13.4647999999999,7306151,,
47.2386,23.9196,5.0572,6840473,,
45.7462,27.5995,12.7009,5790109,*,
49.43482,18.65156,3.236337,7432854,,
46.3141,16.0207,-0.1721,7234696,,
46.0864,6.6674,-8.981,8153714,,
45.1824,4.9598,-12.2835,8350057,,
44.7398,9.4732,-6.277,7628149,*,
44.6195,8.5237,-7.69,7759218,,
44.5888,12.3819,-4.3185,7431035,,
34.055,27.2398,5.8581,4734586,,
34.2984,20.8771,-0.0394,5325936,,
33.6063,7.2705,-22.1533,7490886,,
33.5919,8.9868,-16.6935,6900560,,
34.747,11.7926,-12.6033,6704219,,
34.8509,17.8967,-6.52699999999999,6113385,,
33.3358,13.7981,-9.2007,6113118,,
31.5873,22.211,-0.0637,4930923,,
27.1636999999999,20.1668,-5.4051,4797530,,
21.8109,19.5171,-5.234,3942732,,
23.3348,11.9785,-22.5125,5845814,,
22.6489,17.1632,-15.6231,5058116,,
22.3898,15.9599,-11.7461,4664645,,
17.457,16.0175,-17.6173,4465461,*,
16.2755,18.6142,-13.241,3874361,,
,,,,,
Blue,,,,,
67.1766,-3.6312,-0.9398,10856092,,
67.1328,-2.5912,-3.4535,11117979,,
66.8458,-3.8145,-2.0652,10921369,,
66.7298,-1.9086,-3.30209999999999,11052188,,
56.1239,-1.1651,-9.9629,9996411,,
56.8511,-8.7263,-6.5541,9670001,,
56.474,-4.0106,-16.2383,10718062,,
56.3691,-7.7071,-10.0122,9997421,,
55.6294,-6.38439999999999,-14.2307999999999,10390121,,
49.3629819201651,-3.50748708133597,-9.56763554427109,8747110,,
45.521,-0.3134,-28.7431,10186311,*,
45.1458,-4.1681,-24.4634,9662275,,
45.1286,-10.1449,-14.9214,8614212,,
44.6955,-13.778,-8.3931,7827779,*,
44.599,-8.5517,-17.9767,8875841,,
44.5754,1.3908,-18.2175,8874586,,
38.8586,-14.0688,-12.6874,7365419,,
37.3194,1.743,-35.5589,9525794,,
37.0971,-4.5758,-25.956,8477735,,
36.6642,-8.1466,-19.9683,7756841,,
35.8724,-17.0002,-8.7434,6446113,,
35.6644,-11.5691,-16.4774,7232034,,
33.3555,6.1686,-38.3223,9129757,,
32.544,-13.6443999999999,-13.6185,6378264,,
32.2777,-16.3381,-8.5122,5854234,,
31.9091,-9.2968,-19.3604,6902039,,
31.6412,1.5922,-33.1752,8277270,,
31.471,-14.5937,-11.5768,6050071,,
30.774,8.7056,-39.0118,8800285,*,
30.3763,-4.1956,-25.1778,7228181,,
29.4,5.6,-39.8,8603136,,
23.1966,9.1289,-32.7743,6895131,,
22.0384,-3.5566,-19.1568,5322770,,
22.0208,9.1148,-31.2459,6501148,,
21.994,7.2472,-31.3808,6501397,,
21.7623,1.2346,-24.6428,5846547,,
21.6686,-10.5695,-8.9438,4274450,,
21.3503,-6.6895,-14.6563,4798225,,
21.2311,-8.265,-11.9265,4470546,,
18.3883,12.7951,-24.1064,5253162,,
11.2,8.5,-11.2,2956066,,
11.0797,12.8093,-13.1999,3151910,,
10.8948,11.1548,-13.7937,3152163,,
10.6076,15.7166,-9.5329,2757931,,
10.555,13.9533999999999,-6.2808,2430251,,
,,,,,
Green,,,,,
67.6,-4.1,1.2,10659742,,
67.2065,-4.4578,2.6661,10462877,,
67.1552,-6.1179,5.4908,10069660,,
66.7562,-8.2829,11.5171,9348764,,
66.7684,-13.6991,33.5291,6662303,,
64.2,-16,66.9,41376,,
56.9578,-21.2237,53.1688999999999,2199935,,
54.1816,-20.5993,50.5182,2132600,,
56.438,-20.8733,28.8306999999999,5542004,,
58.0998,-15.6354999999999,14.6048,7508857,,
56.2434,-13.027,3.1145,8490352,,
56.1046999999999,-15.1014,8.6297,7835248,,
56.0427,-11.863,1.2762,8686704,,
55.8267,-11.4714,-1.8479,9014381,,
55.6857,-10.4129,-3.964,9210733,,
49.4291,-22.3433,21.0917,5341018,*,
47.409,-23.3811,33.5407,3504731,,
46.3945,-19.8248,6.6383,6453068,,
46.0131,-17.9544,0.7687,7042377,,
45.4513957922423,-16.7776177773653,4.41111183484391,6583118,,
44.7476,-15.4861,-7.132,7696961,,
44.6831,-21.0523,12.5381,5534539,,
44.5854,-17.567,-1.9608,7107138,,
44.0627,-6.1226,37.471,2583153,,
44.0403,-14.3174999999999,39.1414,2256229,,
43.8901,-16.7703,37.9707,2387552,,
42.7018,-23.1305,31.1398,3108430,,
38.9,-27,21.9,3630647,,
37.0885,-20.2232,2.06,5464110,,
36.3593,-23.4062,22.0681,3235641,,
34.3537,-24.3536,14.4426,3758636,,
33.8423,-18.51,-2.5193,5462052,,
33.7979,-21.7334,7.2164,4413481,,
33.3112,-19.167,-2.6735,5396256,,
32.6767,-17.3235,20.6709,2839356,,
32.6647,-23.6795,16.6872,3298859,,
32.2245,-24.3419,11.312,3757347,,
31.8343,-10.1738,19.2577,2903878,,
30.8083,-23.6841,6.952,4018715,,
30.6052,-7.2716,19.9826,2640712,,
30.4255999999999,-21.1686,1.7466,4476954,*,
22.1355,-14.2774999999999,0.6795,3423001,,
22.0636,-12.1646,4.9329,2964003,,
21.9428,-13.6847,1.77189999999999,3291676,,
21.8066,-14.1835,-2.2676,3619348,,
21.7081,-12.9206999999999,-6.1392,4012560,,
21.6276,-5.9448,10.3503,2373169,,
21.6265,-4.6928,3.1895,3094062,,
21.5858,-3.7942,4.1177,3028272,,
,,,,,
Yellow,,,,,
67.9884,-13.1968,72.657,43696,*,
66.7417,-11.1227,68.0153,763567,,
66.2802,-12.4071,71.9117,42413,,
64.8702,-11.2559,70.9376,41386,,
55.4648999999999,-6.2578,58.2996,755349,,
55.4651,-11.6137,58.0293999999999,690572,,